{"cameraMode":{"drawMode":0,"name":"Shaded","section":"Shading Mode"},"sceneLighting":true,"audioPlay":false,"sceneViewState":{"showFog":true,"showMaterialUpdate":false,"showSkybox":true,"showFlares":true,"showImageEffects":true,"showParticleSystems":true},"in2DMode":false,"pivot":{"x":-66.92692565917969,"y":-13.490403175354004,"z":-47.12582015991211},"rotation":{"x":-0.212809756398201,"y":0.2550848424434662,"z":-0.05766088515520096,"w":-0.9414451718330383},"size":40.19154357910156,"orthographic":false}